text,sentiment
Within days nothing about it matches the description.,negative
Sadly this laptop fell apart way too quickly Very disappointed.,negative
Unfortunately the whole experience left me frustrated.,negative
It stopped working after minimal use Save your money.,negative
Sadly there were constant glitches and errors.,negative
Overall customer support was quick and helpful Five stars from me.,positive
Sadly customer service was completely unhelpful Total letdown.,negative
To be fair the performance has been outstanding Highly recommended.,positive
Frankly I ran into problem after problem Total letdown.,negative
Customer service was completely unhelpful Never buying this again.,negative
It made a noticeable difference right away.,positive
After a week I found the whole thing disappointing Never buying this again.,negative
My whole family loves using it.,positive
To be honest there were constant glitches and errors Save your money.,negative
To be honest it feels cheap and poorly made.,negative
Unfortunately it broke down far sooner than it should have.,negative
Right from the start it feels cheap and poorly made Would not recommend.,negative
Frankly this software fell apart way too quickly.,negative
Overall it made a noticeable difference right away Would buy again.,positive
Sadly I regret spending money on this Never buying this again.,negative
Unfortunately I ended up returning it for a refund.,negative
Honestly I'd buy this again without hesitation Would buy again.,positive
In my experience the design is thoughtful and the build feels sturdy Would buy again.,positive
So far it does exactly what it promises Five stars from me.,positive
Honestly I'm genuinely satisfied with my purchase No regrets at all.,positive
Right out of the box customer support was quick and helpful Highly recommended.,positive
To be honest the whole experience left me frustrated.,negative
After using it for a while this smartwatch exceeded my expectations Would buy again.,positive
It stopped working after minimal use Very disappointed.,negative
To be honest I wouldn't wish this experience on anyone.,negative
I have to say it made a noticeable difference right away Would buy again.,positive
Sadly nothing about it matches the description Very disappointed.,negative
To be fair the experience has been smooth and enjoyable.,positive
I can't complain about anything Five stars from me.,positive
Right out of the box everything about it feels well made Highly recommended.,positive
I wouldn't wish this experience on anyone Very disappointed.,negative
I have to say this smartwatch exceeded my expectations.,positive
Right from the start customer service was completely unhelpful Total letdown.,negative
Honestly the performance has been outstanding Couldn't be happier.,positive
Frankly there were constant glitches and errors.,negative
I have to say the experience has been smooth and enjoyable Highly recommended.,positive
Honestly I keep recommending it to my friends Would buy again.,positive
Right from the start it broke down far sooner than it should have.,negative
Unfortunately the instructions were confusing and unhelpful.,negative
Right from the start I wouldn't wish this experience on anyone.,negative
Overall it works better than I hoped No regrets at all.,positive
Overall it works better than I hoped Five stars from me.,positive
In my experience the value for money is excellent No regrets at all.,positive
Sadly I found the whole thing disappointing Would not recommend.,negative
Unfortunately it feels cheap and poorly made.,negative
After a week there were constant glitches and errors Save your money.,negative
To be honest there were constant glitches and errors.,negative
After a week it feels cheap and poorly made Total letdown.,negative
To be honest customer service was completely unhelpful.,negative
To be honest it's a waste of time and money Total letdown.,negative
Right out of the box the experience has been smooth and enjoyable Five stars from me.,positive
Honestly my whole family loves using it.,positive
After a week it's a waste of time and money.,negative
Frankly I ended up returning it for a refund.,negative
Unfortunately this camera fell apart way too quickly Save your money.,negative
In my experience it made a noticeable difference right away.,positive
The design is thoughtful and the build feels sturdy.,positive
Within days the whole experience left me frustrated.,negative
Within days I regret spending money on this.,negative
To be fair everything about it feels well made Highly recommended.,positive
Honestly the experience has been smooth and enjoyable.,positive
This movie fell apart way too quickly Total letdown.,negative
I have to say it does exactly what it promises Would buy again.,positive
Within days customer service was completely unhelpful Would not recommend.,negative
After a week I wouldn't wish this experience on anyone Save your money.,negative
Nothing about it matches the description Never buying this again.,negative
After a week I regret spending money on this Would not recommend.,negative
To be fair the design is thoughtful and the build feels sturdy Couldn't be happier.,positive
After a week customer service was completely unhelpful Save your money.,negative
The whole experience left me frustrated.,negative
Right from the start it's a waste of time and money Would not recommend.,negative
Overall everything about it feels well made.,positive
So far I keep recommending it to my friends Five stars from me.,positive
It works better than I hoped.,positive
I have to say the value for money is excellent.,positive
Unfortunately it's a waste of time and money.,negative
Sadly it stopped working after minimal use Total letdown.,negative
Frankly I wouldn't wish this experience on anyone.,negative
Customer support was quick and helpful Highly recommended.,positive
Customer service was completely unhelpful.,negative
Within days I ran into problem after problem.,negative
The experience has been smooth and enjoyable Would buy again.,positive
It feels cheap and poorly made Very disappointed.,negative
I have to say the experience has been smooth and enjoyable.,positive
The experience has been smooth and enjoyable.,positive
Overall it's been a pleasure to use Five stars from me.,positive
I wouldn't wish this experience on anyone Would not recommend.,negative
Right out of the box my whole family loves using it.,positive
Honestly I'm really impressed with the quality Couldn't be happier.,positive
I have to say it works better than I hoped Would buy again.,positive
After a week it broke down far sooner than it should have Very disappointed.,negative
Frankly nothing about it matches the description Very disappointed.,negative
Unfortunately it stopped working after minimal use.,negative
The quality was nowhere near what was advertised Total letdown.,negative
There were constant glitches and errors Total letdown.,negative
Right out of the box it does exactly what it promises.,positive
Overall it arrived on time and worked perfectly.,positive
Unfortunately it feels cheap and poorly made Total letdown.,negative
Overall it does exactly what it promises.,positive
Unfortunately I found the whole thing disappointing Very disappointed.,negative
Everything about it feels well made.,positive
To be honest customer service was completely unhelpful Would not recommend.,negative
After using it for a while this subscription exceeded my expectations Highly recommended.,positive
After using it for a while customer support was quick and helpful.,positive
The experience has been smooth and enjoyable Five stars from me.,positive
Honestly it does exactly what it promises.,positive
It works better than I hoped No regrets at all.,positive
Within days the delivery was late and the packaging was damaged Very disappointed.,negative
So far it arrived on time and worked perfectly.,positive
Honestly it's been a pleasure to use.,positive
Overall it's been a pleasure to use No regrets at all.,positive
So far the performance has been outstanding Couldn't be happier.,positive
This customer support team exceeded my expectations.,positive
The instructions were confusing and unhelpful Would not recommend.,negative
This movie exceeded my expectations No regrets at all.,positive
Unfortunately I wouldn't wish this experience on anyone.,negative
Frankly I ended up returning it for a refund Save your money.,negative
To be honest it just doesn't perform as expected Save your money.,negative
I'd buy this again without hesitation.,positive
So far my whole family loves using it.,positive
To be fair it made a noticeable difference right away Five stars from me.,positive
Honestly the experience has been smooth and enjoyable Highly recommended.,positive
So far everything about it feels well made Couldn't be happier.,positive
Everything about it feels well made Couldn't be happier.,positive
Right out of the box everything about it feels well made Couldn't be happier.,positive
Right out of the box it's been a pleasure to use Would buy again.,positive
After a week the whole experience left me frustrated.,negative
So far everything about it feels well made.,positive
So far the experience has been smooth and enjoyable Five stars from me.,positive
Overall the design is thoughtful and the build feels sturdy Would buy again.,positive
Sadly the quality was nowhere near what was advertised Save your money.,negative
I regret spending money on this Save your money.,negative
In my experience it does exactly what it promises Five stars from me.,positive
So far everything about it feels well made Would buy again.,positive
Frankly there were constant glitches and errors Save your money.,negative
To be fair it arrived on time and worked perfectly Couldn't be happier.,positive
Honestly I'd buy this again without hesitation No regrets at all.,positive
After using it for a while it made a noticeable difference right away Would buy again.,positive
To be fair my whole family loves using it.,positive
Right from the start there were constant glitches and errors.,negative
Customer support was quick and helpful.,positive
To be fair I'm genuinely satisfied with my purchase Couldn't be happier.,positive
I found the whole thing disappointing Total letdown.,negative
Overall it made a noticeable difference right away No regrets at all.,positive
Within days it broke down far sooner than it should have Total letdown.,negative
I'm genuinely satisfied with my purchase Highly recommended.,positive
I ran into problem after problem.,negative
Frankly it's a waste of time and money.,negative
Frankly it feels cheap and poorly made Total letdown.,negative
In my experience my whole family loves using it Highly recommended.,positive
Frankly it just doesn't perform as expected.,negative
To be fair the performance has been outstanding Five stars from me.,positive
To be fair I'm genuinely satisfied with my purchase.,positive
It feels cheap and poorly made Would not recommend.,negative
To be fair it's been a pleasure to use Would buy again.,positive
Within days I ran into problem after problem Very disappointed.,negative
In my experience I can't complain about anything Would buy again.,positive
To be fair it made a noticeable difference right away Couldn't be happier.,positive
Unfortunately the whole experience left me frustrated Never buying this again.,negative
Overall I'm genuinely satisfied with my purchase Would buy again.,positive
Within days I wouldn't wish this experience on anyone.,negative
The design is thoughtful and the build feels sturdy Couldn't be happier.,positive
Right out of the box this phone exceeded my expectations.,positive
After a week I ran into problem after problem Save your money.,negative
I have to say it arrived on time and worked perfectly.,positive
I have to say the performance has been outstanding Highly recommended.,positive
I have to say I keep recommending it to my friends Highly recommended.,positive
Sadly it broke down far sooner than it should have Save your money.,negative
The performance has been outstanding.,positive
I'm really impressed with the quality Highly recommended.,positive
So far the design is thoughtful and the build feels sturdy.,positive
Frankly there were constant glitches and errors Would not recommend.,negative
To be honest I ended up returning it for a refund Total letdown.,negative
After a week I wouldn't wish this experience on anyone Very disappointed.,negative
Frankly it stopped working after minimal use Total letdown.,negative
Right from the start I regret spending money on this.,negative
It's a waste of time and money Total letdown.,negative
Right out of the box this washing machine exceeded my expectations Would buy again.,positive
It's been a pleasure to use Would buy again.,positive
After a week there were constant glitches and errors.,negative
In my experience it's been a pleasure to use Highly recommended.,positive
So far I can't complain about anything.,positive
It does exactly what it promises Couldn't be happier.,positive
To be honest there were constant glitches and errors Would not recommend.,negative
Overall the performance has been outstanding.,positive
After using it for a while everything about it feels well made Highly recommended.,positive
Right from the start it feels cheap and poorly made Very disappointed.,negative
I found the whole thing disappointing Save your money.,negative
Right from the start I found the whole thing disappointing.,negative
To be fair I'd buy this again without hesitation Highly recommended.,positive
To be honest nothing about it matches the description Very disappointed.,negative
Frankly there were constant glitches and errors Total letdown.,negative
This app fell apart way too quickly Total letdown.,negative
I'm genuinely satisfied with my purchase Couldn't be happier.,positive
To be honest I ran into problem after problem.,negative
I have to say this customer support team exceeded my expectations Highly recommended.,positive
It arrived on time and worked perfectly.,positive
It broke down far sooner than it should have Total letdown.,negative
After using it for a while I'm genuinely satisfied with my purchase.,positive
Right out of the box customer support was quick and helpful Would buy again.,positive
So far it does exactly what it promises.,positive
Sadly I wouldn't wish this experience on anyone.,negative
Customer service was completely unhelpful Save your money.,negative
Unfortunately the whole experience left me frustrated Would not recommend.,negative
I regret spending money on this Total letdown.,negative
To be fair this gadget exceeded my expectations.,positive
Right out of the box it made a noticeable difference right away.,positive
Everything about it feels well made Would buy again.,positive
So far I'm genuinely satisfied with my purchase.,positive
I have to say it arrived on time and worked perfectly Couldn't be happier.,positive
Customer support was quick and helpful No regrets at all.,positive
To be honest it stopped working after minimal use Never buying this again.,negative
It's been a pleasure to use Highly recommended.,positive
I'm really impressed with the quality.,positive
It's a waste of time and money.,negative
The performance has been outstanding No regrets at all.,positive
The delivery was late and the packaging was damaged.,negative
This smartwatch exceeded my expectations No regrets at all.,positive
This delivery experience fell apart way too quickly.,negative
Unfortunately it stopped working after minimal use Very disappointed.,negative
Honestly this software exceeded my expectations.,positive
Within days I found the whole thing disappointing Never buying this again.,negative
I keep recommending it to my friends Five stars from me.,positive
To be honest I found the whole thing disappointing.,negative
Sadly it's a waste of time and money Very disappointed.,negative
There were constant glitches and errors.,negative
I have to say I keep recommending it to my friends.,positive
So far I'd buy this again without hesitation.,positive
Within days I ran into problem after problem Would not recommend.,negative
Overall my whole family loves using it.,positive
Honestly it does exactly what it promises Would buy again.,positive
The whole experience left me frustrated Would not recommend.,negative
In my experience it works better than I hoped Would buy again.,positive
Honestly it works better than I hoped Would buy again.,positive
The delivery was late and the packaging was damaged Very disappointed.,negative
After a week I found the whole thing disappointing Would not recommend.,negative
Frankly the delivery was late and the packaging was damaged Never buying this again.,negative
I ended up returning it for a refund Very disappointed.,negative
I regret spending money on this Very disappointed.,negative
Unfortunately nothing about it matches the description Total letdown.,negative
Frankly the quality was nowhere near what was advertised.,negative
I found the whole thing disappointing Very disappointed.,negative
Within days it feels cheap and poorly made.,negative
To be fair it's been a pleasure to use.,positive
Within days the whole experience left me frustrated Never buying this again.,negative
Sadly nothing about it matches the description.,negative
I regret spending money on this.,negative
In my experience my whole family loves using it.,positive
It's a waste of time and money Save your money.,negative
Sadly it just doesn't perform as expected Never buying this again.,negative
Frankly it broke down far sooner than it should have.,negative
It feels cheap and poorly made.,negative
Right from the start the instructions were confusing and unhelpful.,negative
Right out of the box the performance has been outstanding.,positive
It stopped working after minimal use Never buying this again.,negative
This hotel stay exceeded my expectations Five stars from me.,positive
Frankly nothing about it matches the description Would not recommend.,negative
Right from the start it feels cheap and poorly made.,negative
It does exactly what it promises Would buy again.,positive
Overall I can't complain about anything No regrets at all.,positive
This service exceeded my expectations Couldn't be happier.,positive
To be fair this gadget exceeded my expectations No regrets at all.,positive
After a week it stopped working after minimal use.,negative
In my experience I'd buy this again without hesitation No regrets at all.,positive
After a week there were constant glitches and errors Would not recommend.,negative
Right out of the box it works better than I hoped.,positive
Frankly nothing about it matches the description.,negative
It's been a pleasure to use.,positive
It just doesn't perform as expected.,negative
After using it for a while it works better than I hoped Couldn't be happier.,positive
To be fair I'm really impressed with the quality.,positive
To be honest it feels cheap and poorly made Very disappointed.,negative
It's a waste of time and money Very disappointed.,negative
To be honest it stopped working after minimal use.,negative
It feels cheap and poorly made Total letdown.,negative
Right from the start it stopped working after minimal use Save your money.,negative
Frankly I found the whole thing disappointing Very disappointed.,negative
To be honest it feels cheap and poorly made Total letdown.,negative
So far the design is thoughtful and the build feels sturdy No regrets at all.,positive
The value for money is excellent.,positive
Sadly the delivery was late and the packaging was damaged.,negative
My whole family loves using it Five stars from me.,positive
Sadly it's a waste of time and money.,negative
Right from the start customer service was completely unhelpful.,negative
Unfortunately I regret spending money on this Never buying this again.,negative
It's been a pleasure to use No regrets at all.,positive
It broke down far sooner than it should have Would not recommend.,negative
Sadly it broke down far sooner than it should have.,negative
I have to say it's been a pleasure to use Would buy again.,positive
I'm genuinely satisfied with my purchase.,positive
My whole family loves using it Couldn't be happier.,positive
The whole experience left me frustrated Very disappointed.,negative
I have to say I'm really impressed with the quality Highly recommended.,positive
Honestly this vacuum cleaner exceeded my expectations Couldn't be happier.,positive
Unfortunately I wouldn't wish this experience on anyone Very disappointed.,negative
Sadly the delivery was late and the packaging was damaged Never buying this again.,negative
The value for money is excellent No regrets at all.,positive
After a week I ran into problem after problem Total letdown.,negative
It stopped working after minimal use.,negative
To be honest it's a waste of time and money Never buying this again.,negative
In my experience this laptop exceeded my expectations.,positive
After using it for a while I keep recommending it to my friends Highly recommended.,positive
Overall the design is thoughtful and the build feels sturdy Couldn't be happier.,positive
I have to say my whole family loves using it.,positive
Frankly I found the whole thing disappointing Save your money.,negative
I ran into problem after problem Very disappointed.,negative
I have to say everything about it feels well made.,positive
Frankly there were constant glitches and errors Very disappointed.,negative
After using it for a while the experience has been smooth and enjoyable No regrets at all.,positive
To be honest the quality was nowhere near what was advertised Very disappointed.,negative
I keep recommending it to my friends.,positive
Right from the start it's a waste of time and money Never buying this again.,negative
Honestly my whole family loves using it Would buy again.,positive
Honestly the value for money is excellent.,positive
To be fair I can't complain about anything Highly recommended.,positive
Within days the quality was nowhere near what was advertised Very disappointed.,negative
Right out of the box it made a noticeable difference right away Would buy again.,positive
To be honest nothing about it matches the description.,negative
My whole family loves using it Highly recommended.,positive
Within days it stopped working after minimal use Would not recommend.,negative
Right from the start I regret spending money on this Very disappointed.,negative
In my experience I'm really impressed with the quality Highly recommended.,positive
So far it works better than I hoped No regrets at all.,positive
Honestly I'm really impressed with the quality Five stars from me.,positive
After a week I ran into problem after problem Very disappointed.,negative
After using it for a while I'm really impressed with the quality Five stars from me.,positive
I found the whole thing disappointing.,negative
I'd buy this again without hesitation No regrets at all.,positive
I'd buy this again without hesitation Five stars from me.,positive
Within days it stopped working after minimal use Save your money.,negative
Honestly it works better than I hoped No regrets at all.,positive
Nothing about it matches the description Would not recommend.,negative
In my experience the performance has been outstanding Five stars from me.,positive
Everything about it feels well made Five stars from me.,positive
I can't complain about anything Would buy again.,positive
I wouldn't wish this experience on anyone.,negative
So far it arrived on time and worked perfectly No regrets at all.,positive
Sadly it just doesn't perform as expected Would not recommend.,negative
So far I'd buy this again without hesitation Highly recommended.,positive
I have to say it does exactly what it promises No regrets at all.,positive
Right from the start it's a waste of time and money Very disappointed.,negative
Frankly it's a waste of time and money Never buying this again.,negative
Sadly the whole experience left me frustrated Save your money.,negative
Right out of the box I'd buy this again without hesitation Couldn't be happier.,positive
The instructions were confusing and unhelpful.,negative
I ended up returning it for a refund.,negative
The design is thoughtful and the build feels sturdy Highly recommended.,positive
Unfortunately nothing about it matches the description Never buying this again.,negative
After a week it broke down far sooner than it should have Save your money.,negative
Honestly it does exactly what it promises No regrets at all.,positive
The experience has been smooth and enjoyable Couldn't be happier.,positive
Right out of the box this laptop exceeded my expectations Couldn't be happier.,positive
After a week it just doesn't perform as expected.,negative
After using it for a while the design is thoughtful and the build feels sturdy Would buy again.,positive
Right out of the box everything about it feels well made.,positive
I'm really impressed with the quality Five stars from me.,positive
To be honest this vacuum cleaner fell apart way too quickly.,negative
This product exceeded my expectations.,positive
After a week it's a waste of time and money Save your money.,negative
After using it for a while the value for money is excellent.,positive
There were constant glitches and errors Save your money.,negative
Overall I can't complain about anything.,positive
After using it for a while the experience has been smooth and enjoyable Five stars from me.,positive
After a week I ran into problem after problem.,negative
To be fair it works better than I hoped.,positive
I regret spending money on this Never buying this again.,negative
In my experience I'm genuinely satisfied with my purchase.,positive
The quality was nowhere near what was advertised Very disappointed.,negative
I have to say I'm genuinely satisfied with my purchase No regrets at all.,positive
It made a noticeable difference right away Couldn't be happier.,positive
I have to say the performance has been outstanding.,positive
This smartwatch fell apart way too quickly.,negative
It broke down far sooner than it should have Very disappointed.,negative
Unfortunately there were constant glitches and errors Total letdown.,negative
So far customer support was quick and helpful Five stars from me.,positive
It made a noticeable difference right away No regrets at all.,positive
Right out of the box the performance has been outstanding No regrets at all.,positive
Unfortunately the whole experience left me frustrated Save your money.,negative
Unfortunately it broke down far sooner than it should have Would not recommend.,negative
I have to say I'm really impressed with the quality No regrets at all.,positive
Everything about it feels well made No regrets at all.,positive
Frankly the delivery was late and the packaging was damaged.,negative
Within days it's a waste of time and money.,negative
Nothing about it matches the description Total letdown.,negative
It works better than I hoped Couldn't be happier.,positive
In my experience I'd buy this again without hesitation Five stars from me.,positive
After using it for a while it works better than I hoped.,positive
