student_id,study_hours_per_day,attendance_percent,sleep_hours,previous_score,extracurricular,final_score
S001,6.0,70.1,7.5,70.5,Yes,69.8
S002,4.7,73.3,5.3,59.1,No,64.8
S003,6.3,89.0,7.6,65.4,No,79.4
S004,8.0,87.3,8.3,84.2,No,80.5
S005,4.5,79.7,7.0,67.9,No,64.9
S006,4.5,81.4,8.9,65.7,No,69.9
S007,8.2,95.3,5.5,44.6,Yes,72.6
S008,6.5,72.9,4.9,76.2,Yes,78.3
S009,4.1,86.6,4.2,74.7,No,68.5
S010,6.1,77.6,8.4,97.4,No,83.1
S011,4.1,77.4,7.4,60.4,No,66.5
S012,4.1,93.2,6.4,68.3,No,75.9
S013,5.5,89.9,6.9,68.7,Yes,73.4
S014,1.2,89.8,5.0,88.7,Yes,55.2
S015,1.6,95.7,9.7,63.6,No,67.9
S016,3.9,80.3,6.7,69.2,Yes,60.5
S017,3.0,88.2,6.6,74.1,No,62.5
S018,5.6,76.3,7.4,67.8,No,71.7
S019,3.2,83.9,7.1,58.3,No,68.8
S020,2.2,78.4,6.8,67.9,Yes,58.9
S021,7.9,81.2,5.5,81.1,No,79.3
S022,4.5,87.1,7.1,49.6,No,74.2
S023,5.1,70.2,8.9,67.0,No,67.7
S024,2.2,100.0,8.2,54.5,Yes,80.2
S025,3.9,67.9,8.6,82.9,No,69.1
S026,5.2,65.4,5.8,42.2,No,44.4
S027,2.7,93.9,5.2,56.6,Yes,65.3
S028,5.8,89.5,6.3,70.7,Yes,75.1
S029,3.8,87.5,6.6,88.5,Yes,79.0
S030,4.4,87.5,7.9,64.0,No,72.5
S031,3.8,79.9,4.3,56.7,No,57.1
S032,8.7,69.2,8.5,93.2,No,74.7
S033,5.0,80.9,6.3,43.3,Yes,59.4
S034,2.9,71.9,5.9,32.0,Yes,43.3
S035,6.6,91.7,5.2,71.6,No,71.2
S036,2.6,78.2,4.3,57.5,No,57.7
S037,5.4,70.1,7.6,49.7,No,71.2
S038,1.1,76.1,6.6,75.6,Yes,58.9
S039,2.3,85.0,4.8,68.7,No,51.9
S040,5.4,73.2,4.8,56.5,No,63.3
S041,6.5,70.1,6.1,45.8,No,68.7
S042,5.3,82.9,8.7,78.1,No,70.2
S043,4.8,82.9,6.2,74.8,No,67.8
S044,4.4,73.9,4.5,63.5,No,59.5
S045,2.0,74.3,6.2,92.7,Yes,57.5
S046,3.6,82.8,6.1,48.9,Yes,62.5
S047,4.1,62.6,3.0,42.1,No,46.8
S048,7.1,63.1,6.4,54.6,No,65.8
S049,5.7,71.4,6.2,64.3,Yes,59.1
S050,1.5,77.4,7.4,68.7,Yes,54.7
S051,5.6,83.7,8.9,61.4,Yes,75.3
S052,4.2,,8.0,70.3,No,70.9
S053,3.6,90.3,6.2,46.2,Yes,71.0
S054,6.2,78.1,5.1,86.7,Yes,70.1
S055,7.1,79.8,9.8,63.8,Yes,76.9
S056,6.9,68.0,6.6,81.8,Yes,77.1
S057,3.3,79.8,6.5,70.1,Yes,54.0
S058,4.4,76.5,6.5,71.9,No,54.3
S059,5.7,83.9,6.8,73.5,Yes,62.7
S060,7.0,70.1,6.3,71.7,No,77.2
S061,4.0,86.2,5.8,74.6,Yes,63.7
S062,4.6,98.4,5.8,84.9,No,90.9
S063,2.8,78.7,6.5,67.9,No,56.8
S064,2.6,84.8,5.8,75.6,No,63.9
S065,6.6,88.3,5.6,63.7,No,81.3
S066,7.7,75.2,6.6,86.6,Yes,89.5
S067,4.9,82.7,6.2,54.9,Yes,76.2
S068,7.0,80.2,8.5,92.0,No,88.1
S069,5.7,,3.1,64.4,No,70.3
S070,3.7,70.7,7.9,43.5,No,59.0
S071,5.7,,8.1,66.9,No,75.2
S072,8.1,86.0,3.8,54.8,No,67.7
S073,4.9,97.4,6.1,77.6,No,69.6
S074,8.1,91.5,6.0,55.2,Yes,75.7
S075,0.5,100.0,4.7,58.3,No,55.6
S076,6.6,70.8,5.5,36.7,No,56.3
S077,5.2,90.5,5.1,58.2,Yes,71.1
S078,4.4,82.2,8.8,,No,64.5
S079,5.2,100.0,7.7,41.2,Yes,69.6
S080,1.0,70.3,8.2,76.4,No,65.2
S081,4.6,69.9,7.4,76.8,Yes,58.6
S082,5.7,72.8,5.0,71.4,No,64.1
S083,8.0,54.5,5.8,50.5,No,56.8
S084,4.0,73.7,7.1,64.3,Yes,50.4
S085,3.4,70.9,4.9,64.9,No,55.9
S086,4.0,81.8,7.4,47.6,No,59.9
S087,6.8,84.1,6.2,87.6,No,86.9
S088,5.7,100.0,6.0,78.2,Yes,81.5
S089,3.9,91.4,7.4,61.7,Yes,61.1
S090,6.0,73.1,7.1,65.4,Yes,78.4
S091,5.2,69.2,6.0,68.1,No,70.3
S092,6.9,85.9,8.0,34.4,No,71.1
S093,3.6,64.2,5.1,61.3,No,52.6
S094,4.3,100.0,7.3,54.8,No,63.7
S095,4.2,94.2,7.3,50.0,No,63.8
S096,2.1,74.4,6.1,60.8,No,61.0
S097,5.6,59.4,6.9,92.0,Yes,79.1
S098,5.5,96.2,,74.6,No,82.9
S099,5.0,78.6,7.7,56.4,Yes,61.9
S100,4.5,94.9,6.3,73.6,No,65.1
S101,2.2,60.9,5.8,86.0,No,56.8
S102,4.2,72.8,7.9,78.9,No,55.8
S103,4.3,80.1,5.6,65.9,Yes,65.2
S104,3.4,80.6,4.7,55.3,Yes,56.3
S105,4.7,74.6,4.5,75.5,Yes,60.7
S106,5.8,87.5,7.3,70.9,Yes,63.8
S107,8.8,67.2,4.8,78.4,Yes,76.6
S108,5.3,78.3,8.8,74.5,No,68.2
S109,5.5,81.4,3.8,80.7,No,61.6
S110,4.9,86.2,8.7,57.0,Yes,51.3
S111,1.2,88.5,6.8,84.8,Yes,63.5
S112,4.9,66.5,6.4,68.0,No,72.3
S113,5.1,61.6,5.8,96.1,No,76.8
S114,9.9,,7.0,54.7,No,80.4
S115,4.6,,6.5,91.0,No,69.2
S116,5.6,71.0,7.9,68.0,No,69.8
S117,4.9,98.6,6.6,55.2,No,64.0
S118,2.7,81.4,6.7,57.7,No,60.3
S119,7.3,94.2,6.0,60.2,Yes,80.3
S120,6.5,80.8,6.4,71.4,No,79.4
S121,6.6,100.0,6.9,72.8,Yes,79.4
S122,3.2,100.0,4.3,56.4,No,62.0
S123,7.8,77.0,4.7,64.6,Yes,65.3
S124,2.2,91.7,7.5,97.1,No,66.6
S125,6.2,87.7,6.7,90.9,No,77.5
S126,9.4,96.4,6.3,71.5,No,87.7
S127,3.0,68.4,6.5,65.6,No,62.0
S128,3.9,88.2,7.0,66.8,Yes,62.1
S129,5.2,92.7,5.8,74.2,Yes,81.5
S130,4.0,58.9,5.5,49.7,No,49.2
S131,1.9,65.8,,61.1,Yes,51.7
S132,5.1,55.5,5.2,40.0,No,45.5
S133,2.9,76.8,7.0,71.0,Yes,46.6
S134,5.9,88.6,4.3,74.7,No,76.7
S135,3.2,98.0,7.8,57.8,No,71.5
S136,8.1,80.9,7.1,88.6,No,80.0
S137,3.4,99.5,6.8,46.6,Yes,64.6
S138,4.4,63.4,7.8,43.0,No,57.7
S139,6.6,59.6,8.7,68.4,No,57.5
S140,2.5,79.3,7.8,80.7,No,61.1
S141,5.5,84.6,4.1,90.3,No,77.3
S142,7.6,79.6,4.8,58.1,No,61.9
S143,1.8,55.2,5.7,81.2,Yes,53.3
S144,5.4,78.9,6.5,64.4,No,58.5
S145,5.5,64.3,7.2,62.4,Yes,64.9
S146,6.6,88.0,5.6,78.3,Yes,75.4
S147,2.5,84.4,6.7,74.8,Yes,53.6
S148,2.4,68.7,5.5,41.4,Yes,54.7
S149,6.0,73.8,5.7,87.1,Yes,66.8
S150,5.6,67.3,4.7,85.7,Yes,61.4
S151,5.5,79.2,5.3,55.6,No,64.6
S152,5.7,91.5,4.7,70.9,No,78.2
S153,3.6,68.2,5.2,72.4,No,52.2
S154,5.5,86.0,7.9,68.9,No,72.6
S155,5.6,73.6,5.3,56.7,Yes,64.5
S156,3.6,,9.9,54.9,No,64.5
S157,8.7,78.7,7.1,64.6,No,77.6
S158,5.9,67.6,6.7,82.6,Yes,66.7
S159,2.6,73.4,5.4,73.2,No,52.8
S160,6.3,65.6,7.4,59.4,Yes,64.8
S161,3.1,100.0,5.8,76.6,No,63.4
S162,6.6,80.4,6.7,22.3,No,42.7
S163,7.3,71.6,9.8,82.2,Yes,80.4
S164,3.4,82.6,6.4,38.9,Yes,61.3
S165,6.9,,8.0,59.6,No,57.2
S166,5.8,77.3,5.6,48.2,No,56.0
S167,6.6,87.4,6.5,45.6,Yes,72.0
S168,8.8,89.1,8.8,82.4,No,99.3
S169,4.5,73.6,5.7,58.0,Yes,59.8
S170,3.5,73.1,8.9,70.2,No,59.2
S171,3.2,76.7,7.4,64.3,No,59.7
S172,3.4,52.4,5.8,72.2,Yes,61.1
S173,4.8,61.8,7.3,66.2,Yes,56.5
S174,5.7,96.4,7.8,45.8,Yes,65.7
S175,5.6,99.7,7.3,79.9,Yes,76.4
S176,6.7,77.0,4.5,57.6,Yes,59.8
S177,5.0,86.9,5.6,41.7,No,62.3
S178,7.9,83.7,6.2,58.6,Yes,83.3
S179,4.5,100.0,6.4,87.5,No,79.1
S180,10.4,93.4,7.3,77.8,No,88.5
S181,6.3,78.5,,59.8,No,66.4
S182,3.3,68.5,4.8,59.8,No,44.5
S183,2.9,60.7,7.0,60.2,Yes,58.1
S184,6.0,82.4,7.3,96.2,No,78.0
S185,4.6,70.9,7.2,70.7,No,62.9
S186,6.4,62.9,7.9,71.5,No,86.4
S187,5.9,72.2,7.6,80.5,Yes,72.8
S188,4.9,67.0,7.1,68.6,No,58.3
S189,3.3,100.0,6.4,61.1,No,64.6
S190,2.0,90.6,4.3,62.1,Yes,64.9
S191,4.1,79.9,7.1,63.9,Yes,64.6
S192,6.7,97.8,6.8,64.4,No,68.6
S193,5.4,80.9,6.9,75.9,No,76.2
S194,2.5,69.7,4.8,65.8,No,49.6
S195,5.3,98.3,5.1,76.0,No,85.6
S196,5.8,86.5,7.9,63.8,Yes,78.4
S197,3.2,67.6,6.4,66.2,No,54.2
S198,5.3,77.7,7.4,35.0,No,67.4
S199,5.1,69.5,6.5,78.7,Yes,66.5
S200,2.7,63.4,6.5,70.2,Yes,60.2
S201,5.7,91.1,7.7,80.0,No,80.0
S202,6.1,100.0,5.8,21.6,Yes,59.4
S203,7.2,63.2,6.6,96.3,No,70.4
S204,7.1,86.8,5.9,62.9,Yes,79.2
S205,2.2,72.2,5.9,,Yes,56.9
S206,3.1,74.2,6.1,49.4,Yes,51.9
S207,6.0,72.9,6.8,74.2,No,63.3
S208,6.0,69.6,5.9,49.2,No,63.1
S209,6.0,80.6,8.1,55.6,No,81.0
S210,12.0,70.0,5.3,93.7,No,81.5
S211,6.1,83.2,6.3,62.1,Yes,69.4
S212,7.3,79.4,5.9,68.3,No,80.9
S213,6.9,77.1,8.4,78.1,No,75.4
S214,6.3,69.1,6.8,72.4,No,70.8
S215,4.4,73.1,7.8,67.3,Yes,57.7
S216,6.5,89.1,4.6,70.5,No,75.1
S217,3.5,86.0,6.8,100.0,Yes,71.9
S218,4.5,68.3,7.7,64.1,Yes,67.7
S219,4.0,81.2,6.6,68.0,No,71.7
S220,5.2,89.0,7.9,80.8,No,90.9
S221,9.6,60.0,5.8,81.6,Yes,78.7
S222,1.3,86.5,8.3,82.8,Yes,66.5
S223,6.4,72.0,9.5,74.6,No,74.3
S224,1.8,86.8,6.0,47.9,No,52.5
S225,4.1,70.8,5.9,89.5,No,67.7
S226,7.2,58.3,8.4,47.8,No,60.8
S227,5.1,60.5,8.6,69.5,No,64.2
S228,2.8,80.6,5.8,53.7,Yes,64.3
S229,3.6,83.1,6.0,64.0,No,56.3
S230,6.4,69.1,6.1,69.9,No,73.7
S231,3.5,87.7,4.8,69.8,Yes,71.6
S232,5.4,60.1,5.3,71.3,No,59.6
S233,5.1,79.2,5.2,89.2,Yes,57.8
S234,3.7,65.5,5.5,71.8,No,54.2
S235,9.3,72.2,6.5,61.3,No,82.2
S236,6.3,80.6,6.8,79.5,No,73.7
S237,0.9,69.7,8.5,82.8,No,51.8
S238,5.4,75.4,5.2,46.6,No,56.4
S239,3.7,92.1,7.8,74.0,No,75.5
S240,6.7,73.1,6.2,75.5,No,73.9
S241,3.4,90.0,6.4,60.5,Yes,62.4
S242,4.8,66.4,7.4,85.6,No,64.8
S243,6.0,86.4,5.0,62.7,Yes,66.4
S244,6.7,97.3,7.0,66.9,No,72.4
S245,2.6,50.3,6.7,62.4,No,58.2
S246,4.3,70.4,7.1,65.2,No,59.6
S247,4.1,86.9,6.9,48.6,Yes,69.6
S248,3.7,77.6,9.7,43.4,Yes,69.1
S249,8.5,84.5,5.7,88.9,No,88.4
S250,5.8,72.8,5.8,52.3,Yes,59.2
S251,2.5,81.0,5.7,50.1,Yes,57.1
S252,6.8,78.1,5.8,32.7,Yes,61.4
S253,9.2,94.0,5.7,55.4,No,73.9
S254,7.1,83.1,8.0,45.2,No,71.8
S255,2.0,84.1,8.3,89.6,Yes,60.3
S256,4.0,75.1,5.8,80.1,Yes,71.6
S257,7.5,74.1,5.4,54.7,Yes,64.3
S258,3.6,74.8,7.1,98.8,No,70.7
S259,5.9,84.7,5.8,79.7,No,74.7
S260,6.5,74.9,7.3,60.1,Yes,66.6
S261,3.1,83.5,6.8,27.5,Yes,56.5
S262,4.9,100.0,4.5,99.4,Yes,76.1
S263,0.5,90.5,8.5,44.2,No,59.6
S264,3.0,76.1,8.8,40.3,No,47.6
S265,4.5,94.4,5.7,80.3,Yes,73.3
S266,2.5,75.1,6.0,100.0,Yes,77.1
S267,8.3,55.5,6.9,85.8,Yes,66.4
S268,2.1,67.9,6.9,73.5,No,52.2
S269,4.1,57.6,7.4,73.9,Yes,62.1
S270,5.3,75.8,9.1,77.8,No,72.8
S271,7.9,80.2,6.3,76.4,No,79.0
S272,2.1,100.0,5.5,69.2,Yes,67.7
S273,7.3,,4.7,66.6,Yes,75.9
S274,5.0,77.4,,64.1,Yes,70.4
S275,3.0,90.0,6.5,53.7,No,63.6
S276,5.9,53.5,8.8,60.8,No,59.6
S277,5.4,82.8,5.8,39.6,No,65.0
S278,3.8,89.3,6.8,63.5,No,77.3
S279,5.1,62.3,6.5,50.2,Yes,55.6
S280,4.2,93.7,8.0,48.4,No,60.4
S281,5.2,84.1,9.8,67.7,No,79.3
S282,6.3,75.0,5.8,85.9,Yes,71.6
S283,8.2,87.6,5.9,78.8,No,67.4
S284,2.5,,7.9,41.4,No,66.9
S285,9.3,82.2,7.4,50.2,No,73.0
S286,1.1,83.0,8.9,79.1,No,62.0
S287,4.7,74.5,7.3,50.3,No,62.6
S288,6.2,69.8,6.0,61.6,No,65.5
S289,5.6,90.0,7.3,73.3,Yes,78.5
S290,3.8,69.7,7.9,50.5,Yes,54.5
S291,4.6,80.9,7.6,66.6,No,70.0
S292,4.0,74.3,7.2,45.0,Yes,55.5
S293,3.8,85.7,7.9,56.0,Yes,68.5
S294,6.7,84.0,8.0,69.8,No,78.9
S295,5.7,92.5,8.3,41.1,No,63.0
S296,3.6,73.9,7.3,71.6,No,69.1
S297,6.8,76.8,6.3,64.7,No,66.4
S298,5.6,68.3,6.7,73.3,Yes,70.8
S299,6.6,74.7,8.1,68.4,Yes,73.6
S300,6.3,84.5,5.4,85.5,Yes,86.1
S190,2.0,90.6,4.3,62.1,Yes,64.9
S124,2.2,91.7,7.5,97.1,No,66.6
S186,6.4,62.9,7.9,71.5,No,86.4
S214,6.3,69.1,6.8,72.4,No,70.8
S107,8.8,67.2,4.8,78.4,Yes,76.6
